complaint_type,complaint_category,complaint_count,share_of_all_requests,rank_within_category
Rodent,environment,377529,0.012201920683653259,1
Air Quality,environment,97881,0.0031635614706066674,2
Illegal Tree Damage,environment,41042,0.0013264973782106727,3
Hazardous Materials,environment,26571,0.0008587876281963789,4
Unsanitary Animal Pvt Property,environment,23584,0.0007622463371112641,5
Standing Water,environment,22047,0.0007125697504363992,6
Vacant Lot,environment,13664,0.0004416271179735547,7
Industrial Waste,environment,11075,0.0003579493802369085,8
Mosquitoes,environment,5005,0.0001617640314298625,9
Harboring Bees/Wasps,environment,3565,0.00011522253187761434,10
Poison Ivy,environment,1642,5.3070237683882957e-05,11
Plant,environment,1475,4.767271655525418e-05,12
Unsanitary Animal Facility,environment,893,2.8862193819553888e-05,13
Animal Facility - No Permit,environment,847,2.737545147274596e-05,14
Calorie Labeling,environment,107,3.4582919806184388e-06,15
Hazmat Storage/Use,environment,2,6.464097160034465e-08,16
Open Flame Permit,environment,1,3.2320485800172325e-08,17
HEAT/HOT WATER,housing,2535546,0.08195007848868374,1
UNSANITARY CONDITION,housing,992289,0.0320712625341672,2
PAINT/PLASTER,housing,600750,0.019416531844453525,3
PLUMBING,housing,590414,0.019082467303222946,4
DOOR/WINDOW,housing,413797,0.013374120062653908,5
General Construction/Plumbing,housing,391382,0.012649656373443046,6
WATER LEAK,housing,384237,0.012418726502400813,7
GENERAL,housing,289720,0.009363891146025927,8
ELECTRIC,housing,283515,0.009163342531635857,9
FLOORING/STAIRS,housing,256122,0.008277987464111737,10
Building/Use,housing,244041,0.007887523675159856,11
APPLIANCE,housing,179779,0.005810544616669181,12
Elevator,housing,170152,0.005499395299870921,13
Maintenance or Facility,housing,143553,0.004639702698072138,14
Lead,housing,116479,0.0037646578655182723,15
SAFETY,housing,108585,0.003509519950611712,16
Indoor Air Quality,housing,61734,0.0019952728703878384,17
Plumbing,housing,50073,0.001618383685472029,18
Special Projects Inspection Team (SPIT),housing,44609,0.0014417845510598874,19
Electrical,housing,27921,0.0009024202840266115,20
Boilers,housing,27870,0.0009007719392508028,21
Construction Safety Enforcement,housing,22370,0.000723009267349855,22
Asbestos,housing,18458,0.0005965715268995808,23
ELEVATOR,housing,15840,0.0005119564950747296,24
BEST/Site Safety,housing,12127,0.0003919505312986898,25
Non-Residential Heat,housing,11324,0.0003659971812011514,26
OUTSIDE BUILDING,housing,11174,0.0003611491083311256,27
COVID-19 Non-essential Construction,housing,7313,0.00023635971265666022,28
Construction,housing,7009,0.00022653428497340782,29
Building Marshals office,housing,6834,0.0002208781999583777,30
Unsanitary Condition,housing,6750,0.0002181632791511632,31
Construction Lead Dust,housing,5898,0.00019062622524941637,32
Mold,housing,3731,0.00012058773252044295,33
Water Leak,housing,3072,9.928853237812939e-05,34
Sewer Maintenance,housing,2777,8.975398906707856e-05,35
Scaffold Safety,housing,2233,7.217164479178481e-05,36
Paint/Plaster,housing,2187,7.068490244497688e-05,37
Cranes and Derricks,housing,1892,6.115035913392604e-05,38
Heat/Hot Water,housing,1814,5.86293612415126e-05,39
General,housing,1792,5.791831055390881e-05,40
Door/Window,housing,1258,4.0659171136616785e-05,41
Safety,housing,731,2.362627511992597e-05,42
Flooring/Stairs,housing,695,2.2462737631119765e-05,43
Appliance,housing,563,1.819643350549702e-05,44
Water Maintenance,housing,382,1.2346425575665828e-05,45
Window Guard,housing,319,1.0310234970254972e-05,46
Electric,housing,290,9.372940882049974e-06,47
Building Drinking Water Tank,housing,215,6.94890444703705e-06,48
Peeling Paint,housing,129,4.16934266822223e-06,49
Unstable Building,housing,85,2.7472412930146476e-06,50
Building Condition,housing,72,2.3270749776124077e-06,51
Boiler,housing,41,1.3251399178070654e-06,52
Outside Building,housing,8,2.585638864013786e-07,53
Building Marshal's Office,housing,7,2.262434006012063e-07,54
MOLD,housing,2,6.464097160034465e-08,55
ASBESTOS,housing,1,3.2320485800172325e-08,56
LEAD,housing,1,3.2320485800172325e-08,57
Street Condition,infrastructure,800177,0.025862109366124493,1
Street Light Condition,infrastructure,472593,0.01527443534576084,2
Damaged Tree,infrastructure,337897,0.010920995190420828,3
Sidewalk Condition,infrastructure,299269,0.009672519464931771,4
Overgrown Tree/Branches,infrastructure,185001,0.005979322193517681,5
New Tree Request,infrastructure,180010,0.005818010648889021,6
Dead/Dying Tree,infrastructure,100424,0.003245752465996506,7
Obstruction,infrastructure,69866,0.0022581030609148396,8
Curb Condition,infrastructure,69455,0.002244819341250969,9
Snow,infrastructure,44542,0.0014396190785112757,10
Street Sweeping Complaint,infrastructure,31814,0.0010282439352466825,11
Snow or Ice,infrastructure,27454,0.000887326617157931,12
Homeless Street Condition,infrastructure,15441,0.0004990606212404609,13
Highway Condition,infrastructure,13609,0.0004398494912545452,14
Dead Tree,infrastructure,10653,0.0003443101352292358,15
Borough Office,infrastructure,8079,0.0002611172047795922,16
Snow Removal,infrastructure,2681,8.6651222430262e-05,17
Found Property,infrastructure,1703,5.504178731769347e-05,18
DEP Street Condition,infrastructure,928,2.999341082255992e-05,19
Bridge Condition,infrastructure,537,1.735610087469254e-05,20
Public Toilet,infrastructure,436,1.4091731808875134e-05,21
Municipal Parking Facility,infrastructure,407,1.3154437720670136e-05,22
Unlicensed Dog,infrastructure,76,2.456356920813097e-06,23
Legal Services Provider Complaint,infrastructure,42,1.3574604036072377e-06,24
DEP Sidewalk Condition,infrastructure,20,6.464097160034465e-07,25
DEP Highway Condition,infrastructure,5,1.6160242900086163e-07,26
DOB Posted Notice or Order,infrastructure,5,1.6160242900086163e-07,27
Tunnel Condition,infrastructure,1,3.2320485800172325e-08,28
Noise - Residential,noise,3387786,0.1094948893070226,1
Noise - Street/Sidewalk,noise,1373235,0.044383622317799645,2
Noise,noise,587133,0.01897642378931258,3
Noise - Commercial,noise,582671,0.01883220978167221,4
Noise - Vehicle,noise,517799,0.01673551522684343,5
Noise - Helicopter,noise,178367,0.0057649080907193374,6
Noise - Park,noise,71371,0.0023067453920440992,7
Noise - House of Worship,noise,14286,0.00046173046014126183,8
Collection Truck Noise,noise,1274,4.117629890941954e-05,9
Encampment,other,191408,0.006186399546039384,1
Drug Activity,other,93873,0.0030340209635195767,2
Animal in a Park,other,29914,0.000966835012226355,3
Vending,other,27575,0.0008912373959397519,4
Electronics Waste,other,26487,0.0008560727073891644,5
Miscellaneous Categories,other,13752,0.00044447132072396984,6
Unleashed Dog,other,11718,0.00037873145260641935,7
DOF Property - Payment Issue,other,11414,0.00036890602492316695,8
DRIE,other,4023,0.00013002531437409328,9
Storm,other,3003,9.70584188579175e-05,10
Posting Advertisement,other,2745,8.871973352147303e-05,11
DPR Internal,other,2520,8.144762421643426e-05,12
Uprooted Stump,other,2343,7.572689822980375e-05,13
Adopt-A-Basket,other,2313,7.475728365579859e-05,14
Private or Charter School Reopening,other,2099,6.784069969456172e-05,15
Face Covering Violation,other,1798,5.811223346870984e-05,16
Facades,other,1769,5.7174939380504846e-05,17
LinkNYC,other,1406,4.5442603035042294e-05,18
Quality of Life,other,1324,4.279232319942816e-05,19
Executive Inspections,other,1289,4.1661106196422126e-05,20
Pet Shop,other,1281,4.140254231002075e-05,21
Cannabis Retailer,other,1111,3.5908059723991454e-05,22
Illegal Animal Sold,other,817,2.640583689874079e-05,23
AHV Inspection Unit,other,749,2.4208043864329072e-05,24
Special Natural Area District (SNAD),other,743,2.401412094952804e-05,25
Special Operations,other,440,1.4221013752075823e-05,26
FATF,other,435,1.4059411323074963e-05,27
Incorrect Data,other,356,1.1506092944861347e-05,28
Lifeguard,other,259,8.371005822244632e-06,29
Squeegee,other,244,7.886198535242048e-06,30
Cooling Tower,other,231,7.466032219839807e-06,31
X-Ray Machine/Equipment,other,204,6.5933791032351545e-06,32
Pet Sale,other,189,6.1085718162325695e-06,33
Dept of Investigations,other,186,6.011610358832053e-06,34
FCST,other,180,5.817687444031018e-06,35
Literature Request,other,161,5.203598213827745e-06,36
Bench,other,156,5.041995784826883e-06,37
Radioactive Material,other,134,4.3309450972230914e-06,38
Tobacco or Non-Tobacco Sale,other,123,3.9754197534211965e-06,39
Forensic Engineering,other,78,2.5209978924134415e-06,40
ATF,other,73,2.35939546341258e-06,41
Transportation Provider Complaint,other,58,1.874588176409995e-06,42
Tanning,other,55,1.7776267190094778e-06,43
Retailer Complaint,other,53,1.7129857474091332e-06,44
Stalled Sites,other,51,1.6483447758087886e-06,45
Unspecified,other,42,1.3574604036072377e-06,46
Single Occupancy Bathroom,other,39,1.2604989462067208e-06,47
Transfer Station Complaint,other,39,1.2604989462067208e-06,48
Wayfinding,other,32,1.0342555456055144e-06,49
DOF Property - Reduction Issue,other,28,9.049736024048252e-07,50
Oil or Gas Spill,other,27,8.726531166046528e-07,51
Ferry Inquiry,other,23,7.433711734039636e-07,52
Taxpayer Advocate Inquiry,other,23,7.433711734039636e-07,53
Internal Code,other,22,7.110506876037911e-07,54
SRDE,other,22,7.110506876037911e-07,55
Ferry Complaint,other,21,6.787302018036188e-07,56
Interior Demo,other,20,6.464097160034465e-07,57
Fire Alarm - Reinspection,other,16,5.171277728027572e-07,58
Advocate - Lien,other,13,4.2016631540224023e-07,59
Advocate-Commercial Exemptions,other,13,4.2016631540224023e-07,60
DSNY Internal,other,13,4.2016631540224023e-07,61
SNW,other,12,3.8784582960206793e-07,62
ZTESTINT,other,12,3.8784582960206793e-07,63
Trans Fat,other,11,3.5552534380189557e-07,64
Fire Alarm - New System,other,9,2.9088437220155096e-07,65
Leaning Bar,other,9,2.9088437220155096e-07,66
Rangehood,other,9,2.9088437220155096e-07,67
Advocate-Business Tax,other,8,2.585638864013786e-07,68
AGENCY,other,6,1.9392291480103396e-07,69
Employee Behavior,other,6,1.9392291480103396e-07,70
VACANT APARTMENT,other,6,1.9392291480103396e-07,71
Fire Alarm - Modification,other,4,1.292819432006893e-07,72
SRGOVG,other,4,1.292819432006893e-07,73
Sprinkler - Mechanical,other,3,9.696145740051698e-08,74
Advocate - Levy,other,2,6.464097160034465e-08,75
Gas Station Discharge Lines,other,2,6.464097160034465e-08,76
Homebound Evacuation 4,other,2,6.464097160034465e-08,77
ZSYSTEST,other,2,6.464097160034465e-08,78
Advocate - Other,other,1,3.2320485800172325e-08,79
Advocate-Foreclosure,other,1,3.2320485800172325e-08,80
Advocate-Personal Exemptions,other,1,3.2320485800172325e-08,81
Advocate-UBT,other,1,3.2320485800172325e-08,82
Ferry Permit,other,1,3.2320485800172325e-08,83
Illegal Animal - Sold/Kept,other,1,3.2320485800172325e-08,84
Injured Wildlife,other,1,3.2320485800172325e-08,85
MSOTHER,other,1,3.2320485800172325e-08,86
Illegal Parking,parking_traffic,3174076,0.10258767828666777,1
Blocked Driveway,parking_traffic,1562038,0.05048582699832958,2
Derelict Vehicles,parking_traffic,395810,0.012792771484566208,3
Abandoned Vehicle,parking_traffic,367493,0.01187755228816273,4
Traffic Signal Condition,parking_traffic,321070,0.01037713837586133,5
For Hire Vehicle Complaint,parking_traffic,135591,0.004382366990131166,6
Taxi Complaint,parking_traffic,106208,0.0034326941558647022,7
Street Sign - Damaged,parking_traffic,64053,0.002070224076958438,8
Traffic,parking_traffic,63678,0.002058103894783373,9
Broken Parking Meter,parking_traffic,57338,0.0018531920148102809,10
Broken Muni Meter,parking_traffic,55559,0.0017956938705717743,11
Street Sign - Missing,parking_traffic,50138,0.00162048451704904,12
Lost Property,parking_traffic,41930,0.0013551979696012257,13
Street Sign - Dangling,parking_traffic,34290,0.001108269458087909,14
Bike/Roller/Skate Chronic,parking_traffic,17650,0.0005704565743730415,15
Taxi Report,parking_traffic,14843,0.00047973297073195784,16
Derelict Bicycle,parking_traffic,12594,0.0004070441981673703,17
Sanitation Worker or Vehicle Complaint,parking_traffic,12553,0.00040571905824956324,18
Bus Stop Shelter Complaint,parking_traffic,11557,0.0003735278543925916,19
Abandoned Bike,parking_traffic,8791,0.0002841293906693149,20
For Hire Vehicle Report,parking_traffic,4428,0.00014311511112316305,21
Bus Stop Shelter Placement,parking_traffic,2098,6.780837920876154e-05,22
E-Scooter,parking_traffic,1863,6.021306504572104e-05,23
Green Taxi Complaint,parking_traffic,1787,5.775670812490795e-05,24
Bike Rack Condition,parking_traffic,1597,5.1615815822875204e-05,25
Bike Rack,parking_traffic,754,2.4369646293329933e-05,26
City Vehicle Placard Complaint,parking_traffic,740,2.391715949212752e-05,27
Taxi Compliment,parking_traffic,565,1.8261074477097365e-05,28
Green Taxi Report,parking_traffic,191,6.173212787832914e-06,29
Bike/Roller/Skate,parking_traffic,130,4.201663154022402e-06,30
Dispatched Taxi Complaint,parking_traffic,87,2.8118822646149923e-06,31
Taxi Licensee Complaint,parking_traffic,55,1.7776267190094778e-06,32
FHV Licensee Complaint,parking_traffic,54,1.7453062332093055e-06,33
OEM Disabled Vehicle,parking_traffic,43,1.38978088940741e-06,34
Highway Sign - Damaged,parking_traffic,17,5.494482586029295e-07,35
Dispatched Taxi Compliment,parking_traffic,4,1.292819432006893e-07,36
Highway Sign - Dangling,parking_traffic,3,9.696145740051698e-08,37
Highway Sign - Missing,parking_traffic,2,6.464097160034465e-08,38
Request Changes - A.S.P.,parking_traffic,1,3.2320485800172325e-08,39
Homeless Person Assistance,public_safety,325920,0.010533892731992164,1
Non-Emergency Police Matter,public_safety,233453,0.00754531437150763,2
Consumer Complaint,public_safety,215042,0.0069502619074406575,3
Food Establishment,public_safety,113997,0.003684438419762245,4
Illegal Fireworks,public_safety,112677,0.003641775378506017,5
Vendor Enforcement,public_safety,68681,0.0022198032852416357,6
NonCompliance with Phased Reopening,public_safety,66221,0.0021402948901732117,7
Other Enforcement,public_safety,47794,0.0015447252983334361,8
Panhandling,public_safety,47402,0.0015320556678997685,9
Emergency Response Team (ERT),public_safety,39767,0.0012852887588154528,10
Violation of Park Rules,public_safety,31385,0.0010143784468384085,11
Food Poisoning,public_safety,31102,0.0010052317493569596,12
Outdoor Dining,public_safety,30052,0.0009712952392667788,13
Drinking,public_safety,29451,0.0009518706273008751,14
Real Time Enforcement,public_safety,28477,0.0009203904741315074,15
Mobile Food Vendor,public_safety,26894,0.0008692271451098345,16
Smoking,public_safety,26592,0.0008594663583981825,17
Homeless Encampment,public_safety,26423,0.0008540041962979534,18
School Maintenance,public_safety,17123,0.0005534236783563507,19
Illegal Posting,public_safety,16929,0.0005471535041111173,20
Day Care,public_safety,11039,0.0003567858427481023,21
Smoking or Vaping,public_safety,10030,0.00032417447257572843,22
Urinating in Public,public_safety,9256,0.00029915841656639504,23
Vaccine Mandate Non-Compliance,public_safety,7383,0.0002386221466626723,24
Sustainability Enforcement,public_safety,6381,0.00020623701989089962,25
Investigations and Discipline (IAD),public_safety,6285,0.00020313425325408307,26
Mass Gathering Complaint,public_safety,3645,0.00011780817074162813,27
Disorderly Youth,public_safety,2527,8.167386761703547e-05,28
Public Payphone Complaint,public_safety,1893,6.118267961972622e-05,29
Tattooing,public_safety,1580,5.1066367564272275e-05,30
Senior Center Complaint,public_safety,1289,4.1661106196422126e-05,31
Private School Vaccine Mandate Non-Compliance,public_safety,219,7.0781863902377395e-06,32
Foam Ban Enforcement,public_safety,82,2.6502798356141307e-06,33
Special Enforcement,public_safety,17,5.494482586029295e-07,34
Public Assembly,public_safety,11,3.5552534380189557e-07,35
Facade Insp Safety Pgm,public_safety,2,6.464097160034465e-08,36
Fire Alarm - Replacement,public_safety,1,3.2320485800172325e-08,37
Public Assembly - Temporary,public_safety,1,3.2320485800172325e-08,38
Request Large Bulky Item Collection,sanitation,1072412,0.03466087681793441,1
Missed Collection (All Materials),sanitation,256060,0.008275983593992125,2
Sanitation Condition,sanitation,239725,0.007748028458446311,3
Dirty Conditions,sanitation,235451,0.0076098907021363744,4
Dirty Condition,sanitation,222763,0.007199808378303788,5
Missed Collection,sanitation,220153,0.007115451910365338,6
Graffiti,sanitation,171621,0.005546874093511375,7
Illegal Dumping,sanitation,146263,0.004727291214590605,8
Derelict Vehicle,sanitation,141347,0.004568403706396958,9
Electronics Waste Appointment,sanitation,87943,0.0028423604827245547,10
Animal-Abuse,sanitation,53228,0.0017203548181715725,11
Residential Disposal Complaint,sanitation,51549,0.0016660887225130832,12
Animal Abuse,sanitation,42059,0.001359367312269448,13
Dead Animal,sanitation,41924,0.0013550040466864246,14
Litter Basket / Request,sanitation,16934,0.0005473151065401181,15
Litter Basket Request,sanitation,15235,0.0004924026011656254,16
Commercial Disposal Complaint,sanitation,10683,0.00034527974980324097,17
Unsanitary Pigeon Condition,sanitation,10010,0.000323528062859725,18
Overflowing Litter Baskets,sanitation,9656,0.00031208661088646397,19
Dumpster Complaint,sanitation,7713,0.0002492879069767291,20
Lot Condition,sanitation,7696,0.00024873845871812623,21
Sweeping/Missed,sanitation,7245,0.0002341619196222485,22
Litter Basket Complaint,sanitation,6142,0.00019851242378465843,23
Illegal Animal Kept as Pet,sanitation,4451,0.000143858482296567,24
Recycling Enforcement,sanitation,4428,0.00014311511112316305,25
Wood Pile Remaining,sanitation,3432,0.00011092390726619142,26
Sweeping/Inadequate,sanitation,1972,6.373599799793982e-05,27
Request Xmas Tree Collection,sanitation,1265,4.0885414537217994e-05,28
Seasonal Collection,sanitation,789,2.5500863296335965e-05,29
Recycling Basket Complaint,sanitation,372,1.2023220717664106e-05,30
Institution Disposal Complaint,sanitation,241,7.789237077841531e-06,31
Overflowing Recycling Baskets,sanitation,132,4.266304125622747e-06,32
DSNY Spillage,sanitation,4,1.292819432006893e-07,33
Asbestos/Garbage Nuisance,sanitation,1,3.2320485800172325e-08,34
Change Collection Schedule,sanitation,1,3.2320485800172325e-08,35
Trapping Pigeon,sanitation,1,3.2320485800172325e-08,36
Water System,water_sewer,703279,0.022730318933059393,1
Sewer,water_sewer,332488,0.010746173682727697,2
Root/Sewer/Sidewalk Condition,water_sewer,101102,0.0032676657553690224,3
Water Conservation,water_sewer,44148,0.001426884807106008,4
Water Quality,water_sewer,17402,0.0005624410938945988,5
Indoor Sewage,water_sewer,9719,0.00031412280149187483,6
Drinking Water,water_sewer,2477,8.005784332702685e-05,7
Beach/Pool/Sauna Complaint,water_sewer,2071,6.69357260921569e-05,8
Water Drainage,water_sewer,136,4.395586068823436e-06,9
Bottled Water,water_sewer,117,3.7814968386201623e-06,10
